{
  "project_info": {
    "project_number": "850075046922",
    "project_id": "eykarbank",
    "storage_bucket": "eykarbank.firebasestorage.app"
  },
  "client": [
    {
      "client_info": {
        "mobilesdk_app_id": "1:850075046922:android:6ac2cb8125648e96ed3bf3",
        "android_client_info": {
          "package_name": "com.bank.eykar"
        }
      },
      "oauth_client": [],
      "api_key": [
        {
          "current_key": "AIzaSyCStTWfo6xnNYSoP30EGe3-6T4-fdN93iE"
        }
      ],
      "services": {
        "appinvite_service": {
          "other_platform_oauth_client": []
        }
      }
    }
  ],
  "configuration_version": "1"
}