{"flutter":{"platforms":{"android":{"default":{"projectId":"eykarbank","appId":"1:850075046922:android:6ac2cb8125648e96ed3bf3","fileOutput":"android/app/google-services.json"}},"dart":{"lib/firebase_options.dart":{"projectId":"eykarbank","configurations":{"android":"1:850075046922:android:6ac2cb8125648e96ed3bf3","ios":"1:850075046922:ios:89284766dca85062ed3bf3","macos":"1:850075046922:ios:89284766dca85062ed3bf3","web":"1:850075046922:web:9a39a1c21d3b5143ed3bf3","windows":"1:850075046922:web:7036a9b1c57a66d4ed3bf3"}}}}}}